{"cameraMode":{"drawMode":0,"name":"Shaded","section":"Shading Mode"},"sceneLighting":true,"audioPlay":false,"sceneViewState":{"showFog":true,"showMaterialUpdate":false,"showSkybox":true,"showFlares":true,"showImageEffects":true,"showParticleSystems":true,"showVisualEffectGraphs":true,"m_FxEnabled":true},"in2DMode":false,"pivot":{"x":0.09584030508995056,"y":-0.615838885307312,"z":-1.5909733772277833},"rotation":{"x":-0.20886310935020448,"y":0.7885058522224426,"z":-0.37102454900741579,"w":-0.44384950399398806},"size":2.522233247756958,"orthographic":false}